-- Insert some sample data into the table
INSERT INTO games (date) VALUES
('2024-05-20'),
('2024-05-19'),
('2024-05-18'),
('2024-05-17'),
('2024-05-16'),
('2024-05-15'),
('2024-05-14'),
('2024-05-13'),
('2024-05-12'),
('2024-05-11'),
('2024-05-10'),
('2024-05-09'),
('2024-05-08'),
('2024-05-07'),
('2024-05-06'),
('2024-05-05'),
('2024-05-04'),
('2024-05-03'),
('2024-05-02'),
('2024-05-01');
-- Insert some sample data into the table
insert into
  game_details (game_id, artist, song_1, song_2, song_3, song_4)
values
(1, 'Dua Lipa', 'Don''t Start Now', 'Levitating (feat. DaBaby)', 'New Rules', 'One Kiss'),
(1, 'Ed Sheeran', 'Bad Habits', 'Perfect', 'Shape of You', 'Thinking Out Loud'),
(1, 'Coldplay', 'A Sky Full of Stars', 'The Scientist', 'Viva La Vida', 'Yellow'),
(1, 'Post Malone', 'Circles', 'Rockstar (feat. 21 Savage)', 'Sunflower (with Swae Lee)', 'Wow.'),
(2, 'Dua Lipa', 'Don''t Start Now', 'Levitating (feat. DaBaby)', 'New Rules', 'One Kiss'),
(2, 'Kanye West', 'Gold Digger', 'Heartless', 'Power', 'Stronger'),
(2, 'Maroon 5', 'Maps', 'Memories', 'Payphone', 'Sugar'),
(2, 'Bruno Mars', 'Just the Way You Are', 'Locked out of Heaven', 'That''s What I Like', 'When I Was Your Man'),
(3, 'Kendrick Lamar', 'All The Stars (with SZA)', 'HUMBLE', 'LOVE. FEAT. ZACARI', 'Money Trees'),
(3, 'Taylor Swift', 'Anti-Hero', 'Blank Space', 'Love Story', 'Shake It Off'),
(3, 'Maroon 5', 'Maps', 'Memories', 'Payphone', 'Sugar'),
(3, 'Kanye West', 'Gold Digger', 'Heartless', 'Power', 'Stronger'),
(4, 'The Weeknd', 'Blinding Lights', 'Save Your Tears', 'Starboy', 'The Hills'),
(4, 'Bruno Mars', 'Just the Way You Are', 'Locked out of Heaven', 'That''s What I Like', 'When I Was Your Man'),
(4, 'Post Malone', 'Circles', 'Rockstar (feat. 21 Savage)', 'Sunflower (with Swae Lee)', 'Wow.'),
(4, 'Justin Bieber', 'Love Yourself', 'Peaches', 'Sorry', 'STAY (with The Kid LAROI)'),
(5, 'Kendrick Lamar', 'All The Stars (with SZA)', 'HUMBLE', 'LOVE. FEAT. ZACARI', 'Money Trees'),
(5, 'Ed Sheeran', 'Bad Habits', 'Perfect', 'Shape of You', 'Thinking Out Loud'),
(5, 'Kanye West', 'Gold Digger', 'Heartless', 'Power', 'Stronger'),
(5, 'Michael Jackson', 'Beat It', 'Billie Jean', 'Smooth Criminal', 'Thriller'),
(6, 'Sam Smith', 'I''m Not The Only One', 'Stay With Me', 'Too Good At Goodbyes', 'Unholy (feat. Kim Petras)'),
(6, 'Eminem', 'Godzilla (feat. Juice WRLD)', 'Lose Yourself', 'The Real Slim Shady', 'Without Me'),
(6, 'The Weeknd', 'Blinding Lights', 'Save Your Tears', 'Starboy', 'The Hills'),
(6, 'Maroon 5', 'Maps', 'Memories', 'Payphone', 'Sugar'),
(7, 'The Beatles', 'Come Together', 'Here Comes The Sun', 'Let It Be', 'Yesterday'),
(7, 'Kendrick Lamar', 'All The Stars (with SZA)', 'HUMBLE', 'LOVE. FEAT. ZACARI', 'Money Trees'),
(7, 'The Weeknd', 'Blinding Lights', 'Save Your Tears', 'Starboy', 'The Hills'),
(7, 'Harry Styles', 'Adore You', 'As It Was', 'Sign of the Times', 'Watermelon Sugar'),
(8, 'Bruno Mars', 'Just the Way You Are', 'Locked out of Heaven', 'That''s What I Like', 'When I Was Your Man'),
(8, 'Coldplay', 'A Sky Full of Stars', 'The Scientist', 'Viva La Vida', 'Yellow'),
(8, 'Dua Lipa', 'Don''t Start Now', 'Levitating (feat. DaBaby)', 'New Rules', 'One Kiss'),
(8, 'Michael Jackson', 'Beat It', 'Billie Jean', 'Smooth Criminal', 'Thriller'),
(9, 'Bruno Mars', 'Just the Way You Are', 'Locked out of Heaven', 'That''s What I Like', 'When I Was Your Man'),
(9, 'Drake', 'God''s Plan', 'Hotline Bling', 'In My Feelings', 'One Dance'),
(9, 'Dua Lipa', 'Don''t Start Now', 'Levitating (feat. DaBaby)', 'New Rules', 'One Kiss'),
(9, 'Taylor Swift', 'Anti-Hero', 'Blank Space', 'Love Story', 'Shake It Off'),
(10, 'The Beatles', 'Come Together', 'Here Comes The Sun', 'Let It Be', 'Yesterday'),
(10, 'Kanye West', 'Gold Digger', 'Heartless', 'Power', 'Stronger'),
(10, 'The Weeknd', 'Blinding Lights', 'Save Your Tears', 'Starboy', 'The Hills'),
(10, 'Eminem', 'Godzilla (feat. Juice WRLD)', 'Lose Yourself', 'The Real Slim Shady', 'Without Me'),
(11, 'Michael Jackson', 'Beat It', 'Billie Jean', 'Smooth Criminal', 'Thriller'),
(11, 'Dua Lipa', 'Don''t Start Now', 'Levitating (feat. DaBaby)', 'New Rules', 'One Kiss'),
(11, 'Kendrick Lamar', 'All The Stars (with SZA)', 'HUMBLE', 'LOVE. FEAT. ZACARI', 'Money Trees'),
(11, 'Bruno Mars', 'Just the Way You Are', 'Locked out of Heaven', 'That''s What I Like', 'When I Was Your Man'),
(12, 'Post Malone', 'Circles', 'Rockstar (feat. 21 Savage)', 'Sunflower (with Swae Lee)', 'Wow.'),
(12, 'Taylor Swift', 'Anti-Hero', 'Blank Space', 'Love Story', 'Shake It Off'),
(12, 'Drake', 'God''s Plan', 'Hotline Bling', 'In My Feelings', 'One Dance'),
(12, 'Ariana Grande', '7 rings', 'positions', 'Side to Side', 'thank u, next'),
(13, 'Coldplay', 'A Sky Full of Stars', 'The Scientist', 'Viva La Vida', 'Yellow'),
(13, 'Ed Sheeran', 'Bad Habits', 'Perfect', 'Shape of You', 'Thinking Out Loud'),
(13, 'Post Malone', 'Circles', 'Rockstar (feat. 21 Savage)', 'Sunflower (with Swae Lee)', 'Wow.'),
(13, 'Michael Jackson', 'Beat It', 'Billie Jean', 'Smooth Criminal', 'Thriller'),
(14, 'Coldplay', 'A Sky Full of Stars', 'The Scientist', 'Viva La Vida', 'Yellow'),
(14, 'Ed Sheeran', 'Bad Habits', 'Perfect', 'Shape of You', 'Thinking Out Loud'),
(14, 'Sam Smith', 'I''m Not The Only One', 'Stay With Me', 'Too Good At Goodbyes', 'Unholy (feat. Kim Petras)'),
(14, 'Michael Jackson', 'Beat It', 'Billie Jean', 'Smooth Criminal', 'Thriller'),
(15, 'Dua Lipa', 'Don''t Start Now', 'Levitating (feat. DaBaby)', 'New Rules', 'One Kiss'),
(15, 'Queen', 'Another One Bites The Dust', 'Bohemian Rhapsody', 'Don''t Stop Me Now', 'Under Pressure'),
(15, 'Eminem', 'Godzilla (feat. Juice WRLD)', 'Lose Yourself', 'The Real Slim Shady', 'Without Me'),
(15, 'Post Malone', 'Circles', 'Rockstar (feat. 21 Savage)', 'Sunflower (with Swae Lee)', 'Wow.'),
(16, 'The Weeknd', 'Blinding Lights', 'Save Your Tears', 'Starboy', 'The Hills'),
(16, 'Taylor Swift', 'Anti-Hero', 'Blank Space', 'Love Story', 'Shake It Off'),
(16, 'Coldplay', 'A Sky Full of Stars', 'The Scientist', 'Viva La Vida', 'Yellow'),
(16, 'Ariana Grande', '7 rings', 'positions', 'Side to Side', 'thank u, next'),
(17, 'Coldplay', 'A Sky Full of Stars', 'The Scientist', 'Viva La Vida', 'Yellow'),
(17, 'Bruno Mars', 'Just the Way You Are', 'Locked out of Heaven', 'That''s What I Like', 'When I Was Your Man'),
(17, 'Eminem', 'Godzilla (feat. Juice WRLD)', 'Lose Yourself', 'The Real Slim Shady', 'Without Me'),
(17, 'Dua Lipa', 'Don''t Start Now', 'Levitating (feat. DaBaby)', 'New Rules', 'One Kiss'),
(18, 'Ariana Grande', '7 rings', 'positions', 'Side to Side', 'thank u, next'),
(18, 'Justin Bieber', 'Love Yourself', 'Peaches', 'Sorry', 'STAY (with The Kid LAROI)'),
(18, 'Sam Smith', 'I''m Not The Only One', 'Stay With Me', 'Too Good At Goodbyes', 'Unholy (feat. Kim Petras)'),
(18, 'Harry Styles', 'Adore You', 'As It Was', 'Sign of the Times', 'Watermelon Sugar'),
(18, 'Michael Jackson', 'Beat It', 'Billie Jean', 'Smooth Criminal', 'Thriller'),
(18, 'The Weeknd', 'Blinding Lights', 'Save Your Tears', 'Starboy', 'The Hills'),
(19, 'Ariana Grande', '7 rings', 'positions', 'Side to Side', 'thank u, next'),
(19, 'Justin Bieber', 'Love Yourself', 'Peaches', 'Sorry', 'STAY (with The Kid LAROI)'),
(19, 'Taylor Swift', 'Anti-Hero', 'Blank Space', 'Love Story', 'Shake It Off'),
(19, 'The Weeknd', 'Blinding Lights', 'Save Your Tears', 'Starboy', 'The Hills'),
(20, 'Coldplay', 'A Sky Full of Stars', 'The Scientist', 'Viva La Vida', 'Yellow'),
(20, 'Kendrick Lamar', 'All The Stars (with SZA)', 'HUMBLE', 'LOVE. FEAT. ZACARI', 'Money Trees'),
(20, 'Michael Jackson', 'Beat It', 'Billie Jean', 'Smooth Criminal', 'Thriller'),
(20, 'Dua Lipa', 'Don''t Start Now', 'Levitating (feat. DaBaby)', 'New Rules', 'One Kiss');
INSERT INTO users (name, username, email)
VALUES ('John Doe', 'johndoe', 'john.doe@example.com');
INSERT INTO user_games (user_id, game_id, date, won, active, completed_row_1, completed_row_2)
VALUES (1, 2, '2024-05-20', TRUE, FALSE, TRUE, TRUE);
insert into
  artist_songs_catalog (artist, song_1, song_2, song_3, song_4)
values
  ('Taylor Swift', 'Anti-Hero', 'Blank Space', 'Love Story', 'Shake It Off'),
  ('Drake', 'God''s Plan', 'Hotline Bling', 'In My Feelings', 'One Dance'),
  ('The Weeknd', 'Blinding Lights', 'Save Your Tears', 'Starboy', 'The Hills'),
  ('Ed Sheeran', 'Bad Habits', 'Perfect', 'Shape of You', 'Thinking Out Loud'),
  ('Ariana Grande', '7 rings', 'positions', 'Side to Side', 'thank u, next'),
  ('Justin Bieber', 'Love Yourself', 'Peaches', 'Sorry', 'STAY (with The Kid LAROI)'),
  ('Eminem', 'Godzilla (feat. Juice WRLD)', 'Lose Yourself', 'The Real Slim Shady', 'Without Me'),
  ('Post Malone', 'Circles', 'Rockstar (feat. 21 Savage)', 'Sunflower (with Swae Lee)', 'Wow.'),
  ('Kanye West', 'Gold Digger', 'Heartless', 'Power', 'Stronger'),
  ('The Beatles', 'Come Together', 'Here Comes The Sun', 'Let It Be', 'Yesterday'),
  ('Michael Jackson', 'Beat It', 'Billie Jean', 'Smooth Criminal', 'Thriller'),
  ('Queen', 'Another One Bites The Dust', 'Bohemian Rhapsody', 'Don''t Stop Me Now', 'Under Pressure'),
  ('Bruno Mars', 'Just the Way You Are', 'Locked out of Heaven', 'That''s What I Like', 'When I Was Your Man'),
  ('Coldplay', 'A Sky Full of Stars', 'The Scientist', 'Viva La Vida', 'Yellow'),
  ('Dua Lipa', 'Don''t Start Now', 'Levitating (feat. DaBaby)', 'New Rules', 'One Kiss'),
  ('Kendrick Lamar', 'All The Stars (with SZA)', 'HUMBLE', 'LOVE. FEAT. ZACARI', 'Money Trees'),
  ('Maroon 5', 'Maps', 'Memories', 'Payphone', 'Sugar'),
  ('Sam Smith', 'I''m Not The Only One', 'Stay With Me', 'Too Good At Goodbyes', 'Unholy (feat. Kim Petras)'),
  ('Harry Styles', 'Adore You', 'As It Was', 'Sign of the Times', 'Watermelon Sugar'),
  ('Adele', 'Easy On Me', 'Rolling in the Deep', 'Set Fire to the Rain', 'Someone Like You');